Data,Título,Empresa,Link,Classificação PMP,Ranking Salarial
2026-01-27,Empower Retirement: Bilingual Financial Customer Service Representative - April 2026,Não especificado,https://weworkremotely.com/remote-jobs/empower-retirement-bilingual-financial-customer-service-representative-april-2026,PMP desejável,€€€€
2026-01-27,"Guidehouse: Healthcare Managed Care and Financial Strategy , Managing Consultant",Não especificado,https://weworkremotely.com/remote-jobs/guidehouse-healthcare-managed-care-and-financial-strategy-managing-consultant,PMP desejável,€€€€
2026-01-27,"DoorDash USA: Manager, Finance & Strategy - Product Finance",Não especificado,https://weworkremotely.com/remote-jobs/doordash-usa-manager-finance-strategy-product-finance,PMP desejável,€€€€
2026-01-27,"American Century Investments: VP, Regional Wealth Management Consultant",Não especificado,https://weworkremotely.com/remote-jobs/american-century-investments-vp-regional-wealth-management-consultant,PMP desejável,€€€€
2026-01-27,Spiralyze: Project Manager,Não especificado,https://weworkremotely.com/remote-jobs/spiralyze-project-manager,PMP desejável,€€€€
2026-01-27,WPForms: Development Manager,Não especificado,https://weworkremotely.com/remote-jobs/wpforms-development-manager,PMP desejável,€€€€
2026-01-27,"SS&C: Senior Sales Executive, Asset Management Technology Solutions",Não especificado,https://weworkremotely.com/remote-jobs/ss-c-senior-sales-executive-asset-management-technology-solutions,PMP desejável,€€€€
2026-01-27,"Prosper: Director, Credit Risk Analytics",Não especificado,https://weworkremotely.com/remote-jobs/prosper-director-credit-risk-analytics,PMP desejável,€€€€
2026-01-27,Maverick Trading: Remote Forex & Crypto Trader (Funded Account Program),Não especificado,https://weworkremotely.com/remote-jobs/maverick-trading-remote-forex-crypto-trader-funded-account-program-2,PMP desejável,€€€€
2026-01-27,Holmes Investment & Accounting Services: Financial Sales Rep (Remote),Não especificado,https://weworkremotely.com/remote-jobs/holmes-investment-accounting-services-financial-sales-rep-remote,PMP desejável,€€€€
2026-01-27,Zscaler: Commercial Account Executive (Denver) (Red Canary),Não especificado,https://weworkremotely.com/remote-jobs/zscaler-commercial-account-executive-denver-red-canary,PMP desejável,€€€€
2026-01-27,"Financial Health Network: Director, Research",Não especificado,https://weworkremotely.com/remote-jobs/financial-health-network-director-research,PMP desejável,€€€€
2026-01-27,"GreatAmerica: Manager, Salesforce Engineering",Não especificado,https://weworkremotely.com/remote-jobs/greatamerica-manager-salesforce-engineering,PMP desejável,€€€€
2026-01-27,Charter Impact: Payroll Specialist,Não especificado,https://weworkremotely.com/remote-jobs/charter-impact-payroll-specialist,PMP desejável,€€€€
2026-01-27,Diebold Nixdorf: Associate Field Service Technician,Não especificado,https://weworkremotely.com/remote-jobs/diebold-nixdorf-associate-field-service-technician,PMP desejável,€€€€
2026-01-27,William & Mary: Adjunct Faculty (Section Lead) Pool - Online Finance Courses,Não especificado,https://weworkremotely.com/remote-jobs/william-mary-adjunct-faculty-section-lead-pool-online-finance-courses,PMP desejável,€€€€
2026-01-27,Attain Finance: Database Engineer,Não especificado,https://weworkremotely.com/remote-jobs/attain-finance-database-engineer,PMP desejável,€€€€
2026-01-27,New Law Business Model: Marketing Automation SaaS + Services Line of Business Owner,Não especificado,https://weworkremotely.com/remote-jobs/new-law-business-model-marketing-automation-saas-services-line-of-business-owner,PMP desejável,€€€€
